{
  "source_image": "teste/13.jpeg",
  "timestamp": null,
  "video_id": null,
  "image_size_hw": [
    1200,
    1600
  ],
  "detections": [
    {
      "bbox_xyxy": [
        0.0,
        0.0,
        1227.47021484375,
        1184.564208984375
      ],
      "score": 0.514934241771698,
      "class_id": 1
    },
    {
      "bbox_xyxy": [
        1206.4755859375,
        239.0654296875,
        1539.4052734375,
        656.0621337890625
      ],
      "score": 0.36624792218208313,
      "class_id": 1
    },
    {
      "bbox_xyxy": [
        1005.234619140625,
        0.0,
        1600.0,
        965.5428466796875
      ],
      "score": 0.32648563385009766,
      "class_id": 1
    }
  ],
  "boxes_3d": {
    "gravity_center_xyz": [
      [
        -3.4357833862304688,
        -1.4455995559692383,
        18.754579544067383
      ],
      [
        5.990132808685303,
        -1.6074576377868652,
        11.684001922607422
      ],
      [
        9.032885551452637,
        -2.702808380126953,
        16.405311584472656
      ]
    ],
    "dims_lhw": [
      [
        37.866825103759766,
        45.5219841003418,
        14.4222993850708
      ],
      [
        9.09180736541748,
        14.582622528076172,
        1.1582558155059814
      ],
      [
        21.536849975585938,
        36.484703063964844,
        14.083683013916016
      ]
    ],
    "R_3x3": [
      [
        [
          0.9980999827384949,
          0.0,
          0.061615318059921265
        ],
        [
          0.0,
          1.0,
          0.0
        ],
        [
          -0.061615318059921265,
          0.0,
          0.9980999827384949
        ]
      ],
      [
        [
          0.9999977350234985,
          0.0,
          0.002127227606251836
        ],
        [
          0.0,
          1.0,
          0.0
        ],
        [
          -0.002127227606251836,
          0.0,
          0.9999977350234985
        ]
      ],
      [
        [
          0.9987576603889465,
          0.0,
          0.04983161389827728
        ],
        [
          0.0,
          1.0,
          0.0
        ],
        [
          -0.04983161389827728,
          0.0,
          0.9987576603889465
        ]
      ]
    ]
  }
}