{
  "fx": 868.267000,
  "fy": 868.267000,
  "cx": 640.078400,
  "cy": 642.097700,
  "width": 1280,
  "height": 1280,
  "timestamp": "2026-04-29T00:41:45.7709990Z",
  "pose_R_wc": [
    [0.828971, 0.143496, 0.540571],
    [0.010057, 0.962546, -0.270933],
    [-0.559202, 0.230032, 0.796479]
  ],
  "pose_t_wc": [1.231582, 1.887440, 0.300667]
}