{
  "fx": 868.267000,
  "fy": 868.267000,
  "cx": 640.078400,
  "cy": 642.097700,
  "width": 1280,
  "height": 1280,
  "timestamp": "2026-04-29T00:42:30.5704970Z",
  "pose_R_wc": [
    [0.503767, 0.277834, 0.817941],
    [0.007658, 0.945393, -0.325843],
    [-0.863805, 0.170413, 0.474131]
  ],
  "pose_t_wc": [-0.104291, 1.898534, 1.101924]
}