{
  "fx": 868.267000,
  "fy": 868.267000,
  "cx": 640.078400,
  "cy": 642.097700,
  "width": 1280,
  "height": 1280,
  "timestamp": "2026-04-29T00:41:41.9210430Z",
  "pose_R_wc": [
    [0.879246, -0.140925, -0.455045],
    [0.022224, 0.966334, -0.256328],
    [0.475849, 0.215263, 0.852778]
  ],
  "pose_t_wc": [1.462376, 1.911137, 0.299372]
}