{
  "fx": 868.267000,
  "fy": 868.267000,
  "cx": 640.078400,
  "cy": 642.097700,
  "width": 1280,
  "height": 1280,
  "timestamp": "2026-04-29T00:42:12.0707040Z",
  "pose_R_wc": [
    [-0.132782, 0.372912, 0.918317],
    [0.000777, 0.926560, -0.376147],
    [-0.991145, -0.049232, -0.123320]
  ],
  "pose_t_wc": [-0.091636, 1.873755, 0.287440]
}