{
  "fx": 868.267000,
  "fy": 868.267000,
  "cx": 640.078400,
  "cy": 642.097700,
  "width": 1280,
  "height": 1280,
  "timestamp": "2026-04-29T00:41:58.4041910Z",
  "pose_R_wc": [
    [-0.998052, -0.021798, -0.058464],
    [-0.009317, 0.978551, -0.205792],
    [0.061696, -0.204847, -0.976848]
  ],
  "pose_t_wc": [2.431916, 1.893407, 1.616014]
}