{
  "fx": 868.267000,
  "fy": 868.267000,
  "cx": 640.078400,
  "cy": 642.097700,
  "width": 1280,
  "height": 1280,
  "timestamp": "2026-04-29T00:41:51.6376000Z",
  "pose_R_wc": [
    [0.499139, -0.258711, -0.827000],
    [-0.025300, 0.949632, -0.312344],
    [0.866152, 0.176826, 0.467453]
  ],
  "pose_t_wc": [2.474240, 1.880318, 0.400657]
}