{
  "fx": 868.267000,
  "fy": 868.267000,
  "cx": 640.078400,
  "cy": 642.097700,
  "width": 1280,
  "height": 1280,
  "timestamp": "2026-04-29T00:41:22.6045920Z",
  "pose_R_wc": [
    [0.996405, -0.025410, -0.080818],
    [-0.003810, 0.939553, -0.342382],
    [0.084632, 0.341459, 0.936078]
  ],
  "pose_t_wc": [-0.208212, 1.874071, -0.073095]
}