{
  "fx": 868.267000,
  "fy": 868.267000,
  "cx": 640.078400,
  "cy": 642.097700,
  "width": 1280,
  "height": 1280,
  "timestamp": "2026-04-29T00:41:31.1878290Z",
  "pose_R_wc": [
    [-0.085580, 0.166790, 0.982272],
    [0.026342, 0.985923, -0.165115],
    [-0.995983, 0.011744, -0.088769]
  ],
  "pose_t_wc": [-0.123623, 1.899635, 1.179419]
}