{
  "fx": 868.267000,
  "fy": 868.267000,
  "cx": 640.078400,
  "cy": 642.097700,
  "width": 1280,
  "height": 1280,
  "timestamp": "2026-04-29T00:41:13.2880310Z",
  "pose_R_wc": [
    [0.985443, 0.042585, 0.164585],
    [0.004223, 0.961687, -0.274119],
    [-0.169953, 0.270823, 0.947508]
  ],
  "pose_t_wc": [2.122135, 1.893293, 0.416041]
}