{
  "fx": 868.267000,
  "fy": 868.267000,
  "cx": 640.078400,
  "cy": 642.097700,
  "width": 1280,
  "height": 1280,
  "timestamp": "2026-04-29T00:41:03.1881440Z",
  "pose_R_wc": [
    [0.782131, 0.166975, 0.600325],
    [-0.001651, 0.963980, -0.265970],
    [-0.623112, 0.207032, 0.754234]
  ],
  "pose_t_wc": [-0.186987, 1.912659, -0.214082]
}