{
  "source_image": "teste/4.jpeg",
  "timestamp": null,
  "video_id": null,
  "image_size_hw": [
    576,
    1024
  ],
  "detections": [
    {
      "bbox_xyxy": [
        0.0,
        213.6876220703125,
        291.21649169921875,
        574.12890625
      ],
      "score": 0.6385324001312256,
      "class_id": 1
    },
    {
      "bbox_xyxy": [
        0.0,
        78.47100830078125,
        330.49481201171875,
        575.96826171875
      ],
      "score": 0.4867285490036011,
      "class_id": 1
    },
    {
      "bbox_xyxy": [
        293.2666015625,
        220.04058837890625,
        340.52862548828125,
        502.55914306640625
      ],
      "score": 0.2584706246852875,
      "class_id": 1
    }
  ],
  "boxes_3d": {
    "gravity_center_xyz": [
      [
        -0.30018728971481323,
        0.09057700634002686,
        0.848857045173645
      ],
      [
        -0.34675899147987366,
        0.041578978300094604,
        0.9202995896339417
      ],
      [
        -0.21427905559539795,
        0.07558169960975647,
        1.1158168315887451
      ]
    ],
    "dims_lhw": [
      [
        0.06823865324258804,
        0.39580675959587097,
        0.3865596354007721
      ],
      [
        0.3580537736415863,
        0.6043065786361694,
        0.34517455101013184
      ],
      [
        0.041034065186977386,
        0.450381875038147,
        0.11892946064472198
      ]
    ],
    "R_3x3": [
      [
        [
          0.8468286395072937,
          0.0,
          0.5318658947944641
        ],
        [
          0.0,
          1.0,
          0.0
        ],
        [
          -0.5318658947944641,
          0.0,
          0.8468286395072937
        ]
      ],
      [
        [
          0.9809485077857971,
          0.0,
          0.19426798820495605
        ],
        [
          0.0,
          1.0,
          0.0
        ],
        [
          -0.19426798820495605,
          0.0,
          0.9809485077857971
        ]
      ],
      [
        [
          0.9871556162834167,
          0.0,
          -0.15976153314113617
        ],
        [
          0.0,
          1.0,
          0.0
        ],
        [
          0.15976153314113617,
          0.0,
          0.9871556162834167
        ]
      ]
    ]
  }
}