{
  "source_image": "teste/5.jpeg",
  "timestamp": null,
  "video_id": null,
  "image_size_hw": [
    576,
    1024
  ],
  "detections": [
    {
      "bbox_xyxy": [
        821.271240234375,
        203.98944091796875,
        895.6502685546875,
        296.5182800292969
      ],
      "score": 0.7150704860687256,
      "class_id": 1
    },
    {
      "bbox_xyxy": [
        226.4356689453125,
        143.66432189941406,
        766.802734375,
        576.0
      ],
      "score": 0.5193884968757629,
      "class_id": 1
    },
    {
      "bbox_xyxy": [
        469.64727783203125,
        56.74700164794922,
        527.1064453125,
        78.6953353881836
      ],
      "score": 0.4806685447692871,
      "class_id": 1
    },
    {
      "bbox_xyxy": [
        845.0140991210938,
        200.39886474609375,
        1013.7019653320312,
        354.95819091796875
      ],
      "score": 0.2958979308605194,
      "class_id": 1
    }
  ],
  "boxes_3d": {
    "gravity_center_xyz": [
      [
        0.646338701248169,
        -0.07323947548866272,
        1.9089131355285645
      ],
      [
        -0.018517374992370605,
        0.1525019407272339,
        1.8202261924743652
      ],
      [
        -0.027485966682434082,
        -0.4266394078731537,
        1.949783444404602
      ],
      [
        0.7921327948570251,
        -0.026939868927001953,
        1.9500459432601929
      ]
    ],
    "dims_lhw": [
      [
        0.14098131656646729,
        0.23508188128471375,
        0.12322237342596054
      ],
      [
        1.197275996208191,
        1.0820525884628296,
        0.12998448312282562
      ],
      [
        0.1685662418603897,
        0.04569711536169052,
        0.07440247386693954
      ],
      [
        0.34984737634658813,
        0.37867042422294617,
        0.1758469045162201
      ]
    ],
    "R_3x3": [
      [
        [
          0.994796097278595,
          0.0,
          0.10188575834035873
        ],
        [
          0.0,
          1.0,
          0.0
        ],
        [
          -0.10188575834035873,
          0.0,
          0.994796097278595
        ]
      ],
      [
        [
          0.9906635284423828,
          0.0,
          -0.13632982969284058
        ],
        [
          0.0,
          1.0,
          0.0
        ],
        [
          0.13632982969284058,
          0.0,
          0.9906635284423828
        ]
      ],
      [
        [
          0.9999035000801086,
          0.0,
          -0.013892242684960365
        ],
        [
          0.0,
          1.0,
          0.0
        ],
        [
          0.013892242684960365,
          0.0,
          0.9999035000801086
        ]
      ],
      [
        [
          0.9997721314430237,
          0.0,
          -0.021346356719732285
        ],
        [
          0.0,
          1.0,
          0.0
        ],
        [
          0.021346356719732285,
          0.0,
          0.9997721314430237
        ]
      ]
    ]
  }
}