{
  "source_image": "teste/6.jpeg",
  "timestamp": null,
  "video_id": null,
  "image_size_hw": [
    900,
    1600
  ],
  "detections": [
    {
      "bbox_xyxy": [
        1131.91796875,
        290.4461669921875,
        1559.445556640625,
        323.675048828125
      ],
      "score": 0.5072077512741089,
      "class_id": 1
    },
    {
      "bbox_xyxy": [
        755.4744873046875,
        376.6990966796875,
        966.1734619140625,
        789.931396484375
      ],
      "score": 0.4821268916130066,
      "class_id": 1
    },
    {
      "bbox_xyxy": [
        41.29083251953125,
        272.49151611328125,
        669.2683715820312,
        314.70941162109375
      ],
      "score": 0.3283013105392456,
      "class_id": 1
    },
    {
      "bbox_xyxy": [
        1210.128662109375,
        343.06231689453125,
        1555.91259765625,
        899.7330932617188
      ],
      "score": 0.3005755841732025,
      "class_id": 1
    }
  ],
  "boxes_3d": {
    "gravity_center_xyz": [
      [
        0.7580181360244751,
        -0.40476715564727783,
        1.5433043241500854
      ],
      [
        0.06018710508942604,
        -0.023138344287872314,
        1.2783393859863281
      ],
      [
        -0.5930049419403076,
        -0.4071744978427887,
        1.4840196371078491
      ],
      [
        0.895028293132782,
        0.08254379034042358,
        1.7905149459838867
      ]
    ],
    "dims_lhw": [
      [
        0.5847176313400269,
        0.02675849199295044,
        0.1541583240032196
      ],
      [
        0.21070633828639984,
        0.46416470408439636,
        0.1617656648159027
      ],
      [
        0.8399305939674377,
        0.0341465100646019,
        0.1348247528076172
      ],
      [
        0.11592429131269455,
        0.9164885878562927,
        0.704014778137207
      ]
    ],
    "R_3x3": [
      [
        [
          0.9999496340751648,
          0.0,
          -0.010035949759185314
        ],
        [
          0.0,
          1.0,
          0.0
        ],
        [
          0.010035949759185314,
          0.0,
          0.9999496340751648
        ]
      ],
      [
        [
          0.9975681304931641,
          0.0,
          0.06969796866178513
        ],
        [
          0.0,
          1.0,
          0.0
        ],
        [
          -0.06969796866178513,
          0.0,
          0.9975681304931641
        ]
      ],
      [
        [
          0.9994862079620361,
          0.0,
          -0.03205107897520065
        ],
        [
          0.0,
          1.0,
          0.0
        ],
        [
          0.03205107897520065,
          0.0,
          0.9994862079620361
        ]
      ],
      [
        [
          0.9996933341026306,
          0.0,
          0.02476342022418976
        ],
        [
          0.0,
          1.0,
          0.0
        ],
        [
          -0.02476342022418976,
          0.0,
          0.9996933341026306
        ]
      ]
    ]
  }
}