{
    "fx": 869.6045532226563,
    "fy": 869.6045532226563,
    "cx": 639.7950439453125,
    "cy": 641.9463500976563,
    "width": 1280,
    "height": 1280,
    "timestamp": "2026-04-22T11:32:10.8868130Z"
}