{
  "fx": 869.222600,
  "fy": 869.222600,
  "cx": 641.359500,
  "cy": 637.108600,
  "width": 1280,
  "height": 1280,
  "timestamp": "2026-05-03T17:06:08.1447440Z",
  "pose_R_wc": [
    [-0.937285, 0.040510, 0.346203],
    [-0.071034, 0.950181, -0.303497],
    [-0.341250, -0.309055, -0.887713]
  ],
  "pose_t_wc": [-0.995458, 1.780474, 1.217052]
}