{
    "fx": 868.2669677734375,
    "fy": 868.2669677734375,
    "cx": 640.078369140625,
    "cy": 642.09765625,
    "width": 1280,
    "height": 1280,
    "timestamp": "2026-04-29T00:10:42.7294080Z",
    "cam_pos_x": 0.06599592417478562,
    "cam_pos_y": 1.8991508483886719,
    "cam_pos_z": 0.44775792956352236,
    "cam_rot_x": 0.14923201501369477,
    "cam_rot_y": -0.3083310127258301,
    "cam_rot_z": 0.033588703721761706,
    "cam_rot_w": 0.9389001727104187
}