{
    "fx": 868.2669677734375,
    "fy": 868.2669677734375,
    "cx": 640.078369140625,
    "cy": 642.09765625,
    "width": 1280,
    "height": 1280,
    "timestamp": "2026-04-29T00:10:49.1793350Z",
    "cam_pos_x": 0.012629609555006028,
    "cam_pos_y": 1.8713083267211915,
    "cam_pos_z": 1.1263231039047242,
    "cam_rot_x": 0.1319228708744049,
    "cam_rot_y": 0.557980477809906,
    "cam_rot_z": -0.10264365375041962,
    "cam_rot_w": 0.8128458857536316
}