{
    "fx": 868.2669677734375,
    "fy": 868.2669677734375,
    "cx": 640.078369140625,
    "cy": 642.09765625,
    "width": 1280,
    "height": 1280,
    "timestamp": "2026-04-29T00:10:55.9959250Z",
    "cam_pos_x": 1.5724564790725709,
    "cam_pos_y": 1.9063595533370972,
    "cam_pos_z": 2.831491231918335,
    "cam_rot_x": 0.08332740515470505,
    "cam_rot_y": -0.7479798793792725,
    "cam_rot_z": 0.08706200867891312,
    "cam_rot_w": 0.6526888608932495
}