{
    "fx": 868.2669677734375,
    "fy": 868.2669677734375,
    "cx": 640.078369140625,
    "cy": 642.09765625,
    "width": 1280,
    "height": 1280,
    "timestamp": "2026-04-29T00:11:18.7790040Z",
    "cam_pos_x": 1.1318292617797852,
    "cam_pos_y": 1.889958143234253,
    "cam_pos_z": 1.9387253522872925,
    "cam_rot_x": -0.13195209205150605,
    "cam_rot_y": 0.4198371171951294,
    "cam_rot_z": -0.04100815951824188,
    "cam_rot_w": -0.8970195055007935
}