{
    "fx": 868.2669677734375,
    "fy": 868.2669677734375,
    "cx": 640.078369140625,
    "cy": 642.09765625,
    "width": 1280,
    "height": 1280,
    "timestamp": "2026-04-29T00:11:20.5956490Z",
    "cam_pos_x": 1.2237598896026612,
    "cam_pos_y": 1.8872733116149903,
    "cam_pos_z": 2.1149392127990724,
    "cam_rot_x": -0.13185684382915498,
    "cam_rot_y": 0.5100486874580383,
    "cam_rot_z": -0.07024845480918884,
    "cam_rot_w": -0.8470710515975952
}