{
    "fx": 868.2669677734375,
    "fy": 868.2669677734375,
    "cx": 640.078369140625,
    "cy": 642.09765625,
    "width": 1280,
    "height": 1280,
    "timestamp": "2026-04-29T00:10:59.8958820Z",
    "cam_pos_x": 1.5897828340530396,
    "cam_pos_y": 1.886417269706726,
    "cam_pos_z": 2.534170627593994,
    "cam_rot_x": 0.10560832917690277,
    "cam_rot_y": -0.10887578129768372,
    "cam_rot_z": 0.0030767135322093965,
    "cam_rot_w": 0.9884247779846191
}