{
    "fx": 868.2669677734375,
    "fy": 868.2669677734375,
    "cx": 640.078369140625,
    "cy": 642.09765625,
    "width": 1280,
    "height": 1280,
    "timestamp": "2026-04-29T00:11:04.6124960Z",
    "cam_pos_x": 1.6024434566497803,
    "cam_pos_y": 1.8775662183761597,
    "cam_pos_z": 2.495375394821167,
    "cam_rot_x": 0.13094352185726167,
    "cam_rot_y": -0.04483496770262718,
    "cam_rot_z": 0.004149600863456726,
    "cam_rot_w": 0.9903668165206909
}