{
    "fx": 868.2669677734375,
    "fy": 868.2669677734375,
    "cx": 640.078369140625,
    "cy": 642.09765625,
    "width": 1280,
    "height": 1280,
    "timestamp": "2026-04-29T00:11:11.0790900Z",
    "cam_pos_x": 1.119518518447876,
    "cam_pos_y": 1.91411554813385,
    "cam_pos_z": 3.481482744216919,
    "cam_rot_x": -0.0053835175931453709,
    "cam_rot_y": 0.9718400239944458,
    "cam_rot_z": -0.0503486730158329,
    "cam_rot_w": 0.23013707995414735
}