{
    "fx": 868.2669677734375,
    "fy": 868.2669677734375,
    "cx": 640.078369140625,
    "cy": 642.09765625,
    "width": 1280,
    "height": 1280,
    "timestamp": "2026-04-29T00:10:14.3130590Z",
    "cam_pos_x": 0.04009278863668442,
    "cam_pos_y": 1.9009015560150147,
    "cam_pos_z": 1.3493021726608277,
    "cam_rot_x": 0.1407570093870163,
    "cam_rot_y": -0.0618545301258564,
    "cam_rot_z": -0.0021246487740427257,
    "cam_rot_w": 0.9881078004837036
}