{
    "fx": 868.2669677734375,
    "fy": 868.2669677734375,
    "cx": 640.078369140625,
    "cy": 642.09765625,
    "width": 1280,
    "height": 1280,
    "timestamp": "2026-04-29T00:10:40.4127670Z",
    "cam_pos_x": 0.16149334609508515,
    "cam_pos_y": 1.908424973487854,
    "cam_pos_z": 0.5038114786148071,
    "cam_rot_x": 0.11786574870347977,
    "cam_rot_y": 0.14239387214183808,
    "cam_rot_z": -0.023505128920078279,
    "cam_rot_w": 0.9824862480163574
}