{
    "fx": 868.2669677734375,
    "fy": 868.2669677734375,
    "cx": 640.078369140625,
    "cy": 642.09765625,
    "width": 1280,
    "height": 1280,
    "timestamp": "2026-04-29T00:10:28.2795700Z",
    "cam_pos_x": 1.285441279411316,
    "cam_pos_y": 1.9029738903045655,
    "cam_pos_z": 2.173311471939087,
    "cam_rot_x": 0.12876830995082856,
    "cam_rot_y": 0.0864524394273758,
    "cam_rot_z": -0.024230487644672395,
    "cam_rot_w": 0.9876020550727844
}