{
    "fx": 868.2669677734375,
    "fy": 868.2669677734375,
    "cx": 640.078369140625,
    "cy": 642.09765625,
    "width": 1280,
    "height": 1280,
    "timestamp": "2026-04-29T00:10:33.2628470Z",
    "cam_pos_x": 1.0839451551437379,
    "cam_pos_y": 1.8872612714767457,
    "cam_pos_z": 1.8039569854736329,
    "cam_rot_x": 0.10517959296703339,
    "cam_rot_y": -0.7489288449287415,
    "cam_rot_z": 0.11622783541679383,
    "cam_rot_w": 0.6438431739807129
}