{
  "fx": 869.222600,
  "fy": 869.222600,
  "cx": 641.359500,
  "cy": 637.108600,
  "width": 1280,
  "height": 1280,
  "timestamp": "2026-05-03T17:05:10.4365050Z",
  "pose_R_wc": [
    [-0.911117, 0.141386, 0.387138],
    [-0.062933, 0.880577, -0.469706],
    [-0.407315, -0.452321, -0.793411]
  ],
  "pose_t_wc": [-0.285730, 1.720276, -0.198760]
}