{
  "fx": 869.222600,
  "fy": 869.222600,
  "cx": 641.359500,
  "cy": 637.108600,
  "width": 1280,
  "height": 1280,
  "timestamp": "2026-05-03T17:03:26.2697070Z",
  "pose_R_wc": [
    [0.745711, -0.060231, -0.663542],
    [-0.109708, 0.971211, -0.211453],
    [0.657176, 0.230479, 0.717635]
  ],
  "pose_t_wc": [0.075599, 1.789206, -1.043419]
}