{
  "fx": 869.222600,
  "fy": 869.222600,
  "cx": 641.359500,
  "cy": 637.108600,
  "width": 1280,
  "height": 1280,
  "timestamp": "2026-05-03T17:04:59.0756060Z",
  "pose_R_wc": [
    [0.283590, 0.544655, 0.789257],
    [0.056708, 0.812082, -0.580782],
    [-0.957267, 0.209462, 0.199412]
  ],
  "pose_t_wc": [-0.180572, 1.691498, 0.102211]
}