{
  "fx": 869.222600,
  "fy": 869.222600,
  "cx": 641.359500,
  "cy": 637.108600,
  "width": 1280,
  "height": 1280,
  "timestamp": "2026-05-03T17:05:51.2561490Z",
  "pose_R_wc": [
    [-0.998071, -0.055588, 0.027638],
    [-0.061797, 0.932088, -0.356921],
    [-0.005921, -0.357940, -0.933726]
  ],
  "pose_t_wc": [-0.414733, 1.763150, 0.749672]
}