{
  "fx": 869.222600,
  "fy": 869.222600,
  "cx": 641.359500,
  "cy": 637.108600,
  "width": 1280,
  "height": 1280,
  "timestamp": "2026-05-03T17:05:06.8114510Z",
  "pose_R_wc": [
    [-0.181699, 0.100338, 0.978222],
    [-0.065977, 0.991295, -0.113933],
    [-0.981139, -0.085241, -0.173497]
  ],
  "pose_t_wc": [-0.239343, 1.812885, -0.029664]
}