{
  "fx": 869.222600,
  "fy": 869.222600,
  "cx": 641.359500,
  "cy": 637.108600,
  "width": 1280,
  "height": 1280,
  "timestamp": "2026-05-03T17:05:42.6589180Z",
  "pose_R_wc": [
    [-0.240385, 0.111228, 0.964284],
    [-0.097451, 0.985629, -0.137984],
    [-0.965774, -0.127140, -0.226092]
  ],
  "pose_t_wc": [-0.259528, 1.807003, 0.919122]
}