{
  "fx": 869.222600,
  "fy": 869.222600,
  "cx": 641.359500,
  "cy": 637.108600,
  "width": 1280,
  "height": 1280,
  "timestamp": "2026-05-03T17:04:50.6586420Z",
  "pose_R_wc": [
    [0.509297, -0.739446, -0.440268],
    [-0.148457, 0.428429, -0.891296],
    [0.847689, 0.519296, 0.108422]
  ],
  "pose_t_wc": [-0.562380, 1.608739, 0.048108]
}