{
  "fx": 869.222600,
  "fy": 869.222600,
  "cx": 641.359500,
  "cy": 637.108600,
  "width": 1280,
  "height": 1280,
  "timestamp": "2026-05-03T17:04:42.1311500Z",
  "pose_R_wc": [
    [-0.920447, -0.050432, -0.387601],
    [-0.136061, 0.970963, 0.196771],
    [0.366423, 0.233855, -0.900582]
  ],
  "pose_t_wc": [-0.452092, 1.864425, -0.129987]
}