{
  "fx": 869.222600,
  "fy": 869.222600,
  "cx": 641.359500,
  "cy": 637.108600,
  "width": 1280,
  "height": 1280,
  "timestamp": "2026-05-03T17:04:41.0754690Z",
  "pose_R_wc": [
    [-0.963034, -0.173019, 0.206473],
    [-0.146283, 0.979499, 0.138500],
    [-0.226203, 0.103177, -0.968601]
  ],
  "pose_t_wc": [-0.383991, 1.852290, -0.103974]
}