{
  "fx": 869.222600,
  "fy": 869.222600,
  "cx": 641.359500,
  "cy": 637.108600,
  "width": 1280,
  "height": 1280,
  "timestamp": "2026-05-03T17:03:12.7974910Z",
  "pose_R_wc": [
    [0.979964, 0.121725, 0.157652],
    [-0.041932, 0.899867, -0.434145],
    [-0.194712, 0.418836, 0.886941]
  ],
  "pose_t_wc": [0.309832, 1.753497, -1.660283]
}