{
  "fx": 869.222600,
  "fy": 869.222600,
  "cx": 641.359500,
  "cy": 637.108600,
  "width": 1280,
  "height": 1280,
  "timestamp": "2026-05-03T17:04:06.7142370Z",
  "pose_R_wc": [
    [-0.237251, 0.541150, -0.806765],
    [-0.040687, 0.824212, 0.564818],
    [0.970596, 0.166829, -0.173527]
  ],
  "pose_t_wc": [-0.300743, 1.909829, -0.760359]
}