{
  "fx": 869.222600,
  "fy": 869.222600,
  "cx": 641.359500,
  "cy": 637.108600,
  "width": 1280,
  "height": 1280,
  "timestamp": "2026-05-03T17:05:43.7144030Z",
  "pose_R_wc": [
    [-0.284160, -0.336880, 0.897645],
    [-0.050733, 0.940211, 0.336794],
    [-0.957434, 0.050163, -0.284261]
  ],
  "pose_t_wc": [-0.303784, 1.879110, 0.915191]
}