{
  "fx": 869.222600,
  "fy": 869.222600,
  "cx": 641.359500,
  "cy": 637.108600,
  "width": 1280,
  "height": 1280,
  "timestamp": "2026-05-03T17:05:41.2836760Z",
  "pose_R_wc": [
    [-0.427306, 0.783112, 0.451826],
    [-0.059469, 0.474321, -0.878341],
    [-0.902150, -0.402189, -0.156110]
  ],
  "pose_t_wc": [-0.245685, 1.628965, 0.894666]
}