{
  "fx": 869.222600,
  "fy": 869.222600,
  "cx": 641.359500,
  "cy": 637.108600,
  "width": 1280,
  "height": 1280,
  "timestamp": "2026-05-03T17:05:27.1727660Z",
  "pose_R_wc": [
    [-0.558219, 0.089095, -0.824896],
    [-0.046262, 0.989329, 0.138162],
    [0.828403, 0.115286, -0.548140]
  ],
  "pose_t_wc": [-0.557914, 1.855905, 0.789487]
}