{
  "fx": 869.222600,
  "fy": 869.222600,
  "cx": 641.359500,
  "cy": 637.108600,
  "width": 1280,
  "height": 1280,
  "timestamp": "2026-05-03T17:05:44.7701030Z",
  "pose_R_wc": [
    [-0.893492, -0.115751, 0.433905],
    [-0.088970, 0.992685, 0.081608],
    [-0.440178, 0.034311, -0.897255]
  ],
  "pose_t_wc": [-0.320615, 1.842041, 0.785214]
}