{
  "fx": 869.222600,
  "fy": 869.222600,
  "cx": 641.359500,
  "cy": 637.108600,
  "width": 1280,
  "height": 1280,
  "timestamp": "2026-05-03T17:04:51.8534870Z",
  "pose_R_wc": [
    [0.962686, -0.122822, -0.241143],
    [-0.109883, 0.636908, -0.763069],
    [0.247308, 0.761093, 0.599647]
  ],
  "pose_t_wc": [-0.438916, 1.658249, 0.199677]
}