{
  "fx": 869.222600,
  "fy": 869.222600,
  "cx": 641.359500,
  "cy": 637.108600,
  "width": 1280,
  "height": 1280,
  "timestamp": "2026-05-03T17:03:30.3671920Z",
  "pose_R_wc": [
    [0.757197, 0.063910, 0.650052],
    [-0.024575, 0.997285, -0.069423],
    [-0.652724, 0.036592, 0.756712]
  ],
  "pose_t_wc": [0.242973, 1.816246, -1.039095]
}