{
  "fx": 869.222600,
  "fy": 869.222600,
  "cx": 641.359500,
  "cy": 637.108600,
  "width": 1280,
  "height": 1280,
  "timestamp": "2026-05-03T17:03:08.6585950Z",
  "pose_R_wc": [
    [0.545487, -0.564168, -0.619805],
    [-0.093984, 0.693679, -0.714127],
    [0.832833, 0.447799, 0.325370]
  ],
  "pose_t_wc": [0.227021, 1.676882, -1.653543]
}