{
  "fx": 869.222600,
  "fy": 869.222600,
  "cx": 641.359500,
  "cy": 637.108600,
  "width": 1280,
  "height": 1280,
  "timestamp": "2026-05-03T17:05:00.1309550Z",
  "pose_R_wc": [
    [0.407919, 0.051336, 0.911574],
    [-0.074986, 0.996929, -0.022588],
    [-0.909934, -0.059141, 0.410516]
  ],
  "pose_t_wc": [-0.205961, 1.821749, 0.080314]
}