{
  "fx": 869.222600,
  "fy": 869.222600,
  "cx": 641.359500,
  "cy": 637.108600,
  "width": 1280,
  "height": 1280,
  "timestamp": "2026-05-03T17:06:09.4087290Z",
  "pose_R_wc": [
    [-0.908545, 0.270318, 0.318552],
    [-0.120959, 0.559621, -0.819874],
    [-0.399895, -0.783424, -0.475743]
  ],
  "pose_t_wc": [-0.965036, 1.655385, 1.206585]
}