{
  "fx": 869.222600,
  "fy": 869.222600,
  "cx": 641.359500,
  "cy": 637.108600,
  "width": 1280,
  "height": 1280,
  "timestamp": "2026-05-03T17:04:01.9086260Z",
  "pose_R_wc": [
    [-0.090120, -0.846820, -0.524189],
    [-0.131218, 0.531838, -0.836618],
    [0.987249, -0.006613, -0.159048]
  ],
  "pose_t_wc": [-0.397807, 1.643307, -0.779828]
}