{
  "fx": 869.222600,
  "fy": 869.222600,
  "cx": 641.359500,
  "cy": 637.108600,
  "width": 1280,
  "height": 1280,
  "timestamp": "2026-05-03T17:05:25.1864210Z",
  "pose_R_wc": [
    [-0.954871, 0.042097, -0.294024],
    [-0.000004, 0.989904, 0.141741],
    [0.297022, 0.135345, -0.945230]
  ],
  "pose_t_wc": [-0.445777, 1.855930, 0.746381]
}