{
  "fx": 869.222600,
  "fy": 869.222600,
  "cx": 641.359500,
  "cy": 637.108600,
  "width": 1280,
  "height": 1280,
  "timestamp": "2026-05-03T17:06:17.8951000Z",
  "pose_R_wc": [
    [-0.900355, -0.286089, 0.327897],
    [-0.231047, 0.952810, 0.196903],
    [-0.368755, 0.101523, -0.923967]
  ],
  "pose_t_wc": [-1.082089, 1.867768, 1.238179]
}