{
  "fx": 869.222600,
  "fy": 869.222600,
  "cx": 641.359500,
  "cy": 637.108600,
  "width": 1280,
  "height": 1280,
  "timestamp": "2026-05-03T17:04:46.3254530Z",
  "pose_R_wc": [
    [-0.462683, 0.197889, -0.864156],
    [-0.061140, 0.965325, 0.253792],
    [0.884414, 0.170260, -0.434540]
  ],
  "pose_t_wc": [-0.474359, 1.866212, -0.038550]
}