{
  "fx": 869.222600,
  "fy": 869.222600,
  "cx": 641.359500,
  "cy": 637.108600,
  "width": 1280,
  "height": 1280,
  "timestamp": "2026-05-03T17:03:55.8948000Z",
  "pose_R_wc": [
    [-0.894028, -0.245093, -0.375027],
    [-0.132438, 0.944260, -0.301387],
    [0.427990, -0.219780, -0.876654]
  ],
  "pose_t_wc": [-0.318800, 1.781683, -0.907876]
}