{
  "fx": 869.222600,
  "fy": 869.222600,
  "cx": 641.359500,
  "cy": 637.108600,
  "width": 1280,
  "height": 1280,
  "timestamp": "2026-05-03T17:04:55.4367730Z",
  "pose_R_wc": [
    [0.882767, -0.049193, 0.467228],
    [-0.084997, 0.961369, 0.261811],
    [-0.462058, -0.270831, 0.844484]
  ],
  "pose_t_wc": [-0.331097, 1.867992, 0.138061]
}