{
  "fx": 869.222600,
  "fy": 869.222600,
  "cx": 641.359500,
  "cy": 637.108600,
  "width": 1280,
  "height": 1280,
  "timestamp": "2026-05-03T17:04:09.1449090Z",
  "pose_R_wc": [
    [0.570833, 0.015150, -0.820927],
    [-0.070635, 0.997029, -0.030716],
    [0.818022, 0.075520, 0.570207]
  ],
  "pose_t_wc": [-0.376571, 1.822186, -0.680592]
}