{
  "fx": 869.222600,
  "fy": 869.222600,
  "cx": 641.359500,
  "cy": 637.108600,
  "width": 1280,
  "height": 1280,
  "timestamp": "2026-05-03T17:04:49.4235480Z",
  "pose_R_wc": [
    [0.400322, -0.529671, -0.747791],
    [-0.137343, 0.772134, -0.620440],
    [0.906024, 0.351079, 0.236356]
  ],
  "pose_t_wc": [-0.570352, 1.701952, 0.052964]
}