{
  "fx": 869.222600,
  "fy": 869.222600,
  "cx": 641.359500,
  "cy": 637.108600,
  "width": 1280,
  "height": 1280,
  "timestamp": "2026-05-03T17:04:53.0620760Z",
  "pose_R_wc": [
    [0.885339, 0.036934, -0.463477],
    [-0.067155, 0.996545, -0.048866],
    [0.460071, 0.074388, 0.884761]
  ],
  "pose_t_wc": [-0.452197, 1.817170, 0.124338]
}