{
  "fx": 869.222600,
  "fy": 869.222600,
  "cx": 641.359500,
  "cy": 637.108600,
  "width": 1280,
  "height": 1280,
  "timestamp": "2026-05-03T17:04:56.5893700Z",
  "pose_R_wc": [
    [0.887511, 0.258714, 0.381301],
    [-0.055014, 0.881076, -0.469764],
    [-0.457490, 0.395944, 0.796198]
  ],
  "pose_t_wc": [-0.294462, 1.729800, 0.211937]
}