{
  "fx": 869.222600,
  "fy": 869.222600,
  "cx": 641.359500,
  "cy": 637.108600,
  "width": 1280,
  "height": 1280,
  "timestamp": "2026-05-03T17:05:45.8256220Z",
  "pose_R_wc": [
    [-0.832080, 0.149257, 0.534197],
    [-0.075078, 0.923940, -0.375097],
    [-0.549552, -0.352217, -0.757586]
  ],
  "pose_t_wc": [-0.294657, 1.755459, 0.790143]
}