{
  "fx": 869.222600,
  "fy": 869.222600,
  "cx": 641.359500,
  "cy": 637.108600,
  "width": 1280,
  "height": 1280,
  "timestamp": "2026-05-03T17:04:26.1451070Z",
  "pose_R_wc": [
    [0.176412, 0.753379, 0.633482],
    [0.083017, 0.629895, -0.772231],
    [-0.980810, 0.188821, 0.048578]
  ],
  "pose_t_wc": [-0.043409, 1.635431, -0.676030]
}