{
  "fx": 869.222600,
  "fy": 869.222600,
  "cx": 641.359500,
  "cy": 637.108600,
  "width": 1280,
  "height": 1280,
  "timestamp": "2026-05-03T17:04:48.0622050Z",
  "pose_R_wc": [
    [0.328778, 0.131941, -0.935145],
    [-0.098539, 0.989581, 0.104977],
    [0.939252, 0.057634, 0.338354]
  ],
  "pose_t_wc": [-0.542430, 1.843909, 0.043054]
}