{
  "fx": 869.222600,
  "fy": 869.222600,
  "cx": 641.359500,
  "cy": 637.108600,
  "width": 1280,
  "height": 1280,
  "timestamp": "2026-05-03T17:04:27.9505050Z",
  "pose_R_wc": [
    [0.472224, -0.050518, 0.880030],
    [-0.092485, 0.990007, 0.106459],
    [-0.876613, -0.131662, 0.462833]
  ],
  "pose_t_wc": [-0.131747, 1.841585, -0.651747]
}