{
  "fx": 869.222600,
  "fy": 869.222600,
  "cx": 641.359500,
  "cy": 637.108600,
  "width": 1280,
  "height": 1280,
  "timestamp": "2026-05-03T17:05:50.0475360Z",
  "pose_R_wc": [
    [-0.998767, -0.039466, -0.030130],
    [0.000488, 0.598987, -0.800759],
    [0.049650, -0.799786, -0.598229]
  ],
  "pose_t_wc": [-0.440402, 1.643690, 0.736810]
}