{
  "fx": 869.222600,
  "fy": 869.222600,
  "cx": 641.359500,
  "cy": 637.108600,
  "width": 1280,
  "height": 1280,
  "timestamp": "2026-05-03T17:04:05.0613780Z",
  "pose_R_wc": [
    [-0.309987, -0.097408, -0.945738],
    [-0.092013, 0.993142, -0.072131],
    [0.946278, 0.064660, -0.316824]
  ],
  "pose_t_wc": [-0.362414, 1.816597, -0.772758]
}