{
  "fx": 869.222600,
  "fy": 869.222600,
  "cx": 641.359500,
  "cy": 637.108600,
  "width": 1280,
  "height": 1280,
  "timestamp": "2026-05-03T17:03:04.8252680Z",
  "pose_R_wc": [
    [0.474520, -0.252620, -0.843217],
    [-0.115982, 0.931639, -0.344379],
    [0.872570, 0.261213, 0.412781]
  ],
  "pose_t_wc": [0.247626, 1.764172, -1.672841]
}