{
  "fx": 869.222600,
  "fy": 869.222600,
  "cx": 641.359500,
  "cy": 637.108600,
  "width": 1280,
  "height": 1280,
  "timestamp": "2026-05-03T17:05:34.1450760Z",
  "pose_R_wc": [
    [0.533473, 0.384643, -0.753297],
    [-0.031573, 0.899050, 0.436706],
    [0.845228, -0.209187, 0.491763]
  ],
  "pose_t_wc": [-0.513908, 1.896206, 0.921201]
}