{
  "fx": 869.222600,
  "fy": 869.222600,
  "cx": 641.359500,
  "cy": 637.108600,
  "width": 1280,
  "height": 1280,
  "timestamp": "2026-05-03T17:05:05.0753260Z",
  "pose_R_wc": [
    [-0.241571, 0.862585, 0.444512],
    [-0.055557, 0.445034, -0.893789],
    [-0.968792, -0.240610, -0.059585]
  ],
  "pose_t_wc": [-0.231952, 1.612914, -0.040919]
}