{
  "fx": 869.222600,
  "fy": 869.222600,
  "cx": 641.359500,
  "cy": 637.108600,
  "width": 1280,
  "height": 1280,
  "timestamp": "2026-05-03T17:05:07.8673510Z",
  "pose_R_wc": [
    [-0.226360, -0.462683, 0.857138],
    [-0.034646, 0.883247, 0.467627],
    [-0.973427, 0.076156, -0.215962]
  ],
  "pose_t_wc": [-0.295992, 1.895244, -0.007072]
}