{
  "fx": 869.222600,
  "fy": 869.222600,
  "cx": 641.359500,
  "cy": 637.108600,
  "width": 1280,
  "height": 1280,
  "timestamp": "2026-05-03T17:05:37.0478770Z",
  "pose_R_wc": [
    [0.934914, 0.171818, 0.310507],
    [-0.093362, 0.963240, -0.251899],
    [-0.342373, 0.206515, 0.916587]
  ],
  "pose_t_wc": [-0.386655, 1.780769, 1.034458]
}