{
  "fx": 869.222600,
  "fy": 869.222600,
  "cx": 641.359500,
  "cy": 637.108600,
  "width": 1280,
  "height": 1280,
  "timestamp": "2026-05-03T17:05:31.3953600Z",
  "pose_R_wc": [
    [0.581758, -0.649996, -0.488940],
    [-0.082328, 0.550989, -0.830441],
    [0.809185, 0.523370, 0.267029]
  ],
  "pose_t_wc": [-0.582132, 1.639555, 0.965278]
}