{
  "fx": 869.222600,
  "fy": 869.222600,
  "cx": 641.359500,
  "cy": 637.108600,
  "width": 1280,
  "height": 1280,
  "timestamp": "2026-05-03T17:05:29.0762210Z",
  "pose_R_wc": [
    [-0.470521, -0.582039, -0.663205],
    [-0.125497, 0.788103, -0.602615],
    [0.873419, -0.200312, -0.443863]
  ],
  "pose_t_wc": [-0.574668, 1.711861, 0.768373]
}