{
  "fx": 869.222600,
  "fy": 869.222600,
  "cx": 641.359500,
  "cy": 637.108600,
  "width": 1280,
  "height": 1280,
  "timestamp": "2026-05-03T17:03:28.1309710Z",
  "pose_R_wc": [
    [0.993482, 0.113058, -0.014547],
    [-0.113913, 0.979993, -0.163213],
    [-0.004196, 0.163807, 0.986484]
  ],
  "pose_t_wc": [0.184907, 1.797767, -0.990105]
}