{
  "fx": 869.222600,
  "fy": 869.222600,
  "cx": 641.359500,
  "cy": 637.108600,
  "width": 1280,
  "height": 1280,
  "timestamp": "2026-05-03T17:05:38.1174890Z",
  "pose_R_wc": [
    [0.917226, 0.357791, 0.175163],
    [-0.002596, 0.445061, -0.895497],
    [-0.398358, 0.820918, 0.409150]
  ],
  "pose_t_wc": [-0.387100, 1.605054, 1.059301]
}