{
  "fx": 869.222600,
  "fy": 869.222600,
  "cx": 641.359500,
  "cy": 637.108600,
  "width": 1280,
  "height": 1280,
  "timestamp": "2026-05-03T17:05:47.3669590Z",
  "pose_R_wc": [
    [-0.880642, 0.366944, 0.299703],
    [-0.043892, 0.566667, -0.822777],
    [-0.471745, -0.737726, -0.482925]
  ],
  "pose_t_wc": [-0.318190, 1.634361, 0.777983]
}