{
  "fx": 869.222600,
  "fy": 869.222600,
  "cx": 641.359500,
  "cy": 637.108600,
  "width": 1280,
  "height": 1280,
  "timestamp": "2026-05-03T17:06:01.3540500Z",
  "pose_R_wc": [
    [-0.949473, -0.171303, -0.262977],
    [-0.068465, 0.930778, -0.359117],
    [0.306291, -0.322967, -0.895477]
  ],
  "pose_t_wc": [-1.100573, 1.765328, 1.207691]
}