{
  "fx": 869.222600,
  "fy": 869.222600,
  "cx": 641.359500,
  "cy": 637.108600,
  "width": 1280,
  "height": 1280,
  "timestamp": "2026-05-03T17:04:21.4926700Z",
  "pose_R_wc": [
    [0.643027, 0.434415, 0.630714],
    [0.029631, 0.808825, -0.587302],
    [-0.765270, 0.396340, 0.507225]
  ],
  "pose_t_wc": [-0.122452, 1.696204, -0.573979]
}