{
  "fx": 869.222600,
  "fy": 869.222600,
  "cx": 641.359500,
  "cy": 637.108600,
  "width": 1280,
  "height": 1280,
  "timestamp": "2026-05-03T17:05:23.6586400Z",
  "pose_R_wc": [
    [-0.941087, -0.209086, -0.265780],
    [-0.098347, 0.921197, -0.376463],
    [0.323548, -0.328146, -0.887490]
  ],
  "pose_t_wc": [-0.449409, 1.762993, 0.744973]
}