{
  "fx": 869.222600,
  "fy": 869.222600,
  "cx": 641.359500,
  "cy": 637.108600,
  "width": 1280,
  "height": 1280,
  "timestamp": "2026-05-03T17:04:23.7424960Z",
  "pose_R_wc": [
    [-0.273536, 0.392911, 0.877952],
    [-0.047015, 0.906210, -0.420205],
    [-0.960712, -0.156218, -0.229408]
  ],
  "pose_t_wc": [-0.027619, 1.733617, -0.783300]
}