{
  "fx": 869.222600,
  "fy": 869.222600,
  "cx": 641.359500,
  "cy": 637.108600,
  "width": 1280,
  "height": 1280,
  "timestamp": "2026-05-03T17:04:30.5891670Z",
  "pose_R_wc": [
    [0.845917, 0.093361, 0.525080],
    [-0.023123, 0.990053, -0.138784],
    [-0.532814, 0.105258, 0.839661]
  ],
  "pose_t_wc": [-0.191465, 1.796704, -0.594074]
}