{
  "fx": 869.222600,
  "fy": 869.222600,
  "cx": 641.359500,
  "cy": 637.108600,
  "width": 1280,
  "height": 1280,
  "timestamp": "2026-05-03T17:06:14.6170530Z",
  "pose_R_wc": [
    [-0.483684, 0.146839, 0.862838],
    [-0.261810, 0.916415, -0.302721],
    [-0.835168, -0.372320, -0.404811]
  ],
  "pose_t_wc": [-0.967781, 1.777382, 1.291021]
}