{
  "fx": 869.222600,
  "fy": 869.222600,
  "cx": 641.359500,
  "cy": 637.108600,
  "width": 1280,
  "height": 1280,
  "timestamp": "2026-05-03T17:04:12.9363860Z",
  "pose_R_wc": [
    [0.685196, -0.587722, -0.430220],
    [-0.082212, 0.524490, -0.847438],
    [0.723704, 0.616031, 0.311061]
  ],
  "pose_t_wc": [-0.426912, 1.632955, -0.599361]
}