{
  "fx": 869.222600,
  "fy": 869.222600,
  "cx": 641.359500,
  "cy": 637.108600,
  "width": 1280,
  "height": 1280,
  "timestamp": "2026-05-03T17:03:15.7835940Z",
  "pose_R_wc": [
    [0.950428, 0.039001, 0.308490],
    [-0.029665, 0.998951, -0.034898],
    [-0.309527, 0.024016, 0.950587]
  ],
  "pose_t_wc": [0.327246, 1.825691, -1.648211]
}