{
  "fx": 869.222600,
  "fy": 869.222600,
  "cx": 641.359500,
  "cy": 637.108600,
  "width": 1280,
  "height": 1280,
  "timestamp": "2026-05-03T17:05:35.9922210Z",
  "pose_R_wc": [
    [0.926025, -0.086674, 0.367376],
    [-0.142444, 0.821073, 0.552764],
    [-0.349553, -0.564204, 0.747989]
  ],
  "pose_t_wc": [-0.383247, 1.914199, 0.938762]
}