{
  "fx": 869.222600,
  "fy": 869.222600,
  "cx": 641.359500,
  "cy": 637.108600,
  "width": 1280,
  "height": 1280,
  "timestamp": "2026-05-03T17:03:23.8808210Z",
  "pose_R_wc": [
    [0.403500, -0.043344, -0.913953],
    [-0.127943, 0.986391, -0.103264],
    [0.905990, 0.158601, 0.392463]
  ],
  "pose_t_wc": [0.055323, 1.808847, -1.111146]
}