{
  "fx": 869.222600,
  "fy": 869.222600,
  "cx": 641.359500,
  "cy": 637.108600,
  "width": 1280,
  "height": 1280,
  "timestamp": "2026-05-03T17:04:10.8116080Z",
  "pose_R_wc": [
    [0.614599, -0.399794, -0.680024],
    [-0.087535, 0.822167, -0.562475],
    [0.783968, 0.405223, 0.470307]
  ],
  "pose_t_wc": [-0.393847, 1.718901, -0.644538]
}