{
  "fx": 869.222600,
  "fy": 869.222600,
  "cx": 641.359500,
  "cy": 637.108600,
  "width": 1280,
  "height": 1280,
  "timestamp": "2026-05-03T17:05:33.0345260Z",
  "pose_R_wc": [
    [0.525491, -0.117311, -0.842673],
    [-0.038804, 0.986113, -0.161478],
    [0.849914, 0.117554, 0.513641]
  ],
  "pose_t_wc": [-0.584500, 1.800634, 0.946396]
}