{
  "fx": 869.222600,
  "fy": 869.222600,
  "cx": 641.359500,
  "cy": 637.108600,
  "width": 1280,
  "height": 1280,
  "timestamp": "2026-05-03T17:06:04.1031760Z",
  "pose_R_wc": [
    [-0.949311, -0.042411, 0.311466],
    [0.000592, 0.990613, 0.136693],
    [-0.314340, 0.129949, -0.940375]
  ],
  "pose_t_wc": [-0.970510, 1.850948, 1.254111]
}