{
  "fx": 869.222600,
  "fy": 869.222600,
  "cx": 641.359500,
  "cy": 637.108600,
  "width": 1280,
  "height": 1280,
  "timestamp": "2026-05-03T17:06:02.7144910Z",
  "pose_R_wc": [
    [-0.937859, 0.043453, -0.344287],
    [-0.059074, 0.957656, 0.281788],
    [0.341953, 0.284616, -0.895579]
  ],
  "pose_t_wc": [-1.085027, 1.874836, 1.261655]
}