{
  "fx": 869.222600,
  "fy": 869.222600,
  "cx": 641.359500,
  "cy": 637.108600,
  "width": 1280,
  "height": 1280,
  "timestamp": "2026-05-03T17:03:36.6030460Z",
  "pose_R_wc": [
    [0.577428, 0.655371, 0.486895],
    [-0.035060, 0.615716, -0.787188],
    [-0.815689, 0.437473, 0.378509]
  ],
  "pose_t_wc": [0.359172, 1.655133, -1.048176]
}