{
  "fx": 869.222600,
  "fy": 869.222600,
  "cx": 641.359500,
  "cy": 637.108600,
  "width": 1280,
  "height": 1280,
  "timestamp": "2026-05-03T17:03:17.8253210Z",
  "pose_R_wc": [
    [0.947384, -0.060082, 0.314410],
    [-0.049042, 0.943387, 0.328050],
    [-0.316320, -0.326209, 0.890803]
  ],
  "pose_t_wc": [0.327150, 1.878616, -1.654695]
}