{
  "fx": 869.222600,
  "fy": 869.222600,
  "cx": 641.359500,
  "cy": 637.108600,
  "width": 1280,
  "height": 1280,
  "timestamp": "2026-05-03T17:06:13.0058620Z",
  "pose_R_wc": [
    [-0.545339, 0.596455, 0.588938],
    [-0.201634, 0.588631, -0.782852],
    [-0.813603, -0.545669, -0.200738]
  ],
  "pose_t_wc": [-0.922894, 1.661202, 1.296476]
}