{
  "fx": 869.222600,
  "fy": 869.222600,
  "cx": 641.359500,
  "cy": 637.108600,
  "width": 1280,
  "height": 1280,
  "timestamp": "2026-05-03T17:06:00.0896220Z",
  "pose_R_wc": [
    [-0.932495, -0.341481, -0.117661],
    [-0.090175, 0.535562, -0.839668],
    [0.349746, -0.772376, -0.530202]
  ],
  "pose_t_wc": [-1.084406, 1.645039, 1.193489]
}