{
  "fx": 869.222600,
  "fy": 869.222600,
  "cx": 641.359500,
  "cy": 637.108600,
  "width": 1280,
  "height": 1280,
  "timestamp": "2026-05-03T17:03:57.5336960Z",
  "pose_R_wc": [
    [-0.926394, 0.122900, -0.355938],
    [-0.027878, 0.920261, 0.390311],
    [0.375525, 0.371505, -0.849098]
  ],
  "pose_t_wc": [-0.230850, 1.891488, -0.808325]
}