{
  "fx": 869.222600,
  "fy": 869.222600,
  "cx": 641.359500,
  "cy": 637.108600,
  "width": 1280,
  "height": 1280,
  "timestamp": "2026-05-03T17:04:39.9087840Z",
  "pose_R_wc": [
    [-0.971178, -0.154434, 0.181556],
    [-0.220872, 0.869426, -0.441944],
    [-0.089598, -0.469307, -0.878478]
  ],
  "pose_t_wc": [-0.352393, 1.746327, -0.116946]
}