{
  "fx": 869.222600,
  "fy": 869.222600,
  "cx": 641.359500,
  "cy": 637.108600,
  "width": 1280,
  "height": 1280,
  "timestamp": "2026-05-03T17:04:32.1725620Z",
  "pose_R_wc": [
    [0.817001, 0.364053, 0.447185],
    [-0.004223, 0.779263, -0.626683],
    [-0.576621, 0.510112, 0.638196]
  ],
  "pose_t_wc": [-0.145220, 1.687093, -0.553940]
}