{
  "fx": 869.222600,
  "fy": 869.222600,
  "cx": 641.359500,
  "cy": 637.108600,
  "width": 1280,
  "height": 1280,
  "timestamp": "2026-05-03T17:04:54.1726490Z",
  "pose_R_wc": [
    [0.882453, 0.271974, -0.383805],
    [-0.041854, 0.858072, 0.511821],
    [0.468534, -0.435594, 0.768592]
  ],
  "pose_t_wc": [-0.441938, 1.898667, 0.067712]
}