{
  "fx": 869.222600,
  "fy": 869.222600,
  "cx": 641.359500,
  "cy": 637.108600,
  "width": 1280,
  "height": 1280,
  "timestamp": "2026-05-03T17:03:21.7419340Z",
  "pose_R_wc": [
    [0.469293, -0.546685, -0.693469],
    [-0.077485, 0.756795, -0.649044],
    [0.879637, 0.358325, 0.312798]
  ],
  "pose_t_wc": [0.025518, 1.699733, -1.093564]
}