{
  "fx": 869.222600,
  "fy": 869.222600,
  "cx": 641.359500,
  "cy": 637.108600,
  "width": 1280,
  "height": 1280,
  "timestamp": "2026-05-03T17:05:09.3532340Z",
  "pose_R_wc": [
    [-0.914941, -0.116049, 0.386542],
    [-0.082799, 0.991369, 0.101649],
    [-0.395002, 0.060998, -0.916653]
  ],
  "pose_t_wc": [-0.301212, 1.841363, -0.144996]
}