{
  "fx": 869.222600,
  "fy": 869.222600,
  "cx": 641.359500,
  "cy": 637.108600,
  "width": 1280,
  "height": 1280,
  "timestamp": "2026-05-03T17:03:59.3808640Z",
  "pose_R_wc": [
    [-0.877602, -0.477432, -0.043287],
    [-0.246228, 0.526395, -0.813806],
    [0.411324, -0.703539, -0.579522]
  ],
  "pose_t_wc": [-0.267128, 1.648160, -0.906265]
}