{
  "fx": 869.222600,
  "fy": 869.222600,
  "cx": 641.359500,
  "cy": 637.108600,
  "width": 1280,
  "height": 1280,
  "timestamp": "2026-05-03T17:04:57.6449350Z",
  "pose_R_wc": [
    [0.877961, 0.434685, 0.200584],
    [-0.014651, 0.443190, -0.896308],
    [-0.478508, 0.783985, 0.395472]
  ],
  "pose_t_wc": [-0.272148, 1.593786, 0.205373]
}