{
  "fx": 869.222600,
  "fy": 869.222600,
  "cx": 641.359500,
  "cy": 637.108600,
  "width": 1280,
  "height": 1280,
  "timestamp": "2026-05-03T17:06:16.5336690Z",
  "pose_R_wc": [
    [-0.450166, -0.216774, 0.866233],
    [-0.223935, 0.966492, 0.125489],
    [-0.864410, -0.137489, -0.483625]
  ],
  "pose_t_wc": [-0.995325, 1.855511, 1.299258]
}