{
  "fx": 869.222600,
  "fy": 869.222600,
  "cx": 641.359500,
  "cy": 637.108600,
  "width": 1280,
  "height": 1280,
  "timestamp": "2026-05-03T17:03:32.8947110Z",
  "pose_R_wc": [
    [0.207680, 0.053962, 0.976707],
    [-0.028910, 0.998380, -0.049012],
    [-0.977770, -0.018058, 0.208904]
  ],
  "pose_t_wc": [0.328135, 1.821009, -1.109890]
}