{
  "fx": 869.222600,
  "fy": 869.222600,
  "cx": 641.359500,
  "cy": 637.108600,
  "width": 1280,
  "height": 1280,
  "timestamp": "2026-05-03T17:04:35.2146090Z",
  "pose_R_wc": [
    [0.983080, 0.079432, -0.165056],
    [-0.043567, 0.976621, 0.210507],
    [0.177918, -0.199754, 0.963558]
  ],
  "pose_t_wc": [-0.293137, 1.848645, -0.589011]
}