{
  "fx": 869.222600,
  "fy": 869.222600,
  "cx": 641.359500,
  "cy": 637.108600,
  "width": 1280,
  "height": 1280,
  "timestamp": "2026-05-03T17:05:30.1170270Z",
  "pose_R_wc": [
    [-0.416694, -0.827282, -0.376790],
    [-0.136509, 0.466735, -0.873799],
    [0.898739, -0.312672, -0.307416]
  ],
  "pose_t_wc": [-0.568428, 1.630250, 0.768009]
}