{
  "fx": 869.222600,
  "fy": 869.222600,
  "cx": 641.359500,
  "cy": 637.108600,
  "width": 1280,
  "height": 1280,
  "timestamp": "2026-05-03T17:03:38.6447400Z",
  "pose_R_wc": [
    [0.943516, -0.184262, -0.275362],
    [-0.097762, 0.639264, -0.762748],
    [0.316574, 0.746585, 0.585142]
  ],
  "pose_t_wc": [0.139521, 1.665902, -0.986950]
}