{
  "fx": 869.222600,
  "fy": 869.222600,
  "cx": 641.359500,
  "cy": 637.108600,
  "width": 1280,
  "height": 1280,
  "timestamp": "2026-05-03T17:05:11.4782270Z",
  "pose_R_wc": [
    [-0.941729, 0.269178, 0.201720],
    [-0.040812, 0.503825, -0.862842],
    [-0.333889, -0.820795, -0.463481]
  ],
  "pose_t_wc": [-0.310955, 1.608539, -0.192830]
}