{
  "fx": 869.222600,
  "fy": 869.222600,
  "cx": 641.359500,
  "cy": 637.108600,
  "width": 1280,
  "height": 1280,
  "timestamp": "2026-05-03T17:04:45.1031040Z",
  "pose_R_wc": [
    [-0.271929, -0.592507, -0.758281],
    [-0.140215, 0.803960, -0.577917],
    [0.952048, -0.050830, -0.301698]
  ],
  "pose_t_wc": [-0.519933, 1.714451, -0.049342]
}