{
  "fx": 869.222600,
  "fy": 869.222600,
  "cx": 641.359500,
  "cy": 637.108600,
  "width": 1280,
  "height": 1280,
  "timestamp": "2026-05-03T17:03:00.6169490Z",
  "pose_R_wc": [
    [0.415529, 0.244968, -0.875972],
    [-0.162961, 0.967518, 0.193266],
    [0.894863, 0.062441, 0.441952]
  ],
  "pose_t_wc": [0.318234, 1.849438, -1.667878]
}