{
  "fx": 869.222600,
  "fy": 869.222600,
  "cx": 641.359500,
  "cy": 637.108600,
  "width": 1280,
  "height": 1280,
  "timestamp": "2026-05-03T17:04:43.5059770Z",
  "pose_R_wc": [
    [-0.828145, -0.475206, -0.297244],
    [-0.217364, 0.761082, -0.611153],
    [0.516651, -0.441513, -0.733579]
  ],
  "pose_t_wc": [-0.477664, 1.707942, -0.139459]
}