{
  "fx": 869.222600,
  "fy": 869.222600,
  "cx": 641.359500,
  "cy": 637.108600,
  "width": 1280,
  "height": 1280,
  "timestamp": "2026-05-03T17:04:17.6448360Z",
  "pose_R_wc": [
    [0.997656, 0.003893, 0.068325],
    [0.041579, 0.758502, -0.650343],
    [-0.054357, 0.651659, 0.756562]
  ],
  "pose_t_wc": [-0.271251, 1.686849, -0.515069]
}