{
  "fx": 869.222600,
  "fy": 869.222600,
  "cx": 641.359500,
  "cy": 637.108600,
  "width": 1280,
  "height": 1280,
  "timestamp": "2026-05-03T17:03:40.7558860Z",
  "pose_R_wc": [
    [0.096908, -0.832112, -0.546075],
    [-0.187185, 0.523630, -0.831128],
    [0.977533, 0.182760, -0.105016]
  ],
  "pose_t_wc": [0.015973, 1.638797, -1.163628]
}