{
  "fx": 869.222600,
  "fy": 869.222600,
  "cx": 641.359500,
  "cy": 637.108600,
  "width": 1280,
  "height": 1280,
  "timestamp": "2026-05-03T17:05:20.1447270Z",
  "pose_R_wc": [
    [-0.882664, -0.463300, -0.079117],
    [-0.203636, 0.528677, -0.824035],
    [0.423602, -0.711234, -0.560989]
  ],
  "pose_t_wc": [-0.440036, 1.647839, 0.716357]
}